-- ============================================
-- GREE Marketing India LLP — Seed Data
-- Run AFTER init.sql on a fresh database
-- ============================================

-- ============================================
-- Products (30 real GREE products)
-- ============================================
INSERT INTO products (id, product_name, product_code, unit, status) VALUES
  ('a0000001-0000-0000-0000-000000000001', 'GREE Packaging Tape', 'GREE-PKG-01', 'rolls', 'active'),
  ('a0000001-0000-0000-0000-000000000002', 'GREE Premium Masking Tape', 'GREE-MSK-01', 'rolls', 'active'),
  ('a0000001-0000-0000-0000-000000000003', 'GREE Painters Masking Tape', 'GREE-MSK-02', 'rolls', 'active'),
  ('a0000001-0000-0000-0000-000000000004', 'GREE PVC Electrical Tape – FR', 'GREE-PVC-01', 'rolls', 'active'),
  ('a0000001-0000-0000-0000-000000000005', 'GREE Wonder PVC Insulation Tape', 'GREE-PVC-02', 'rolls', 'active'),
  ('a0000001-0000-0000-0000-000000000006', 'GREE PTFE Thread Sealing Tape – General', 'GREE-PTFE-01', 'rolls', 'active'),
  ('a0000001-0000-0000-0000-000000000007', 'GREE PTFE Thread Sealing Tape – Industrial', 'GREE-PTFE-02', 'rolls', 'active'),
  ('a0000001-0000-0000-0000-000000000008', 'GREE Anti Skid Tape', 'GREE-ASK-01', 'rolls', 'active'),
  ('a0000001-0000-0000-0000-000000000009', 'GREE Floor Marking Tape', 'GREE-FLR-01', 'rolls', 'active'),
  ('a0000001-0000-0000-0000-000000000010', 'GREE Book Binding Tape', 'GREE-BBT-01', 'rolls', 'active'),
  ('a0000001-0000-0000-0000-000000000011', 'GREE Concrete Shuttering Tape', 'GREE-SHT-01', 'rolls', 'active'),
  ('a0000001-0000-0000-0000-000000000012', 'GREE Fiber Mesh Tape', 'GREE-FBR-01', 'rolls', 'active'),
  ('a0000001-0000-0000-0000-000000000013', 'GREE Double Side Foam Tape DSF-45', 'GREE-DSF-45', 'rolls', 'active'),
  ('a0000001-0000-0000-0000-000000000014', 'GREE Double Side PE Foam Tape DSF-65', 'GREE-DSF-65', 'rolls', 'active'),
  ('a0000001-0000-0000-0000-000000000015', 'GREE Double Side Mounting Tape', 'GREE-DSM-01', 'rolls', 'active'),
  ('a0000001-0000-0000-0000-000000000016', 'GREE Acrylic Foam Tape', 'GREE-AFT-01', 'rolls', 'active'),
  ('a0000001-0000-0000-0000-000000000017', 'GREE Attachment Tape', 'GREE-ATT-01', 'rolls', 'active'),
  ('a0000001-0000-0000-0000-000000000018', 'GREE Mirror Mount Tape', 'GREE-MIR-01', 'rolls', 'active'),
  ('a0000001-0000-0000-0000-000000000019', 'GREE Nano Magic Tape', 'GREE-NMT-01', 'rolls', 'active'),
  ('a0000001-0000-0000-0000-000000000020', 'GREE Water Leakage Flex Tape', 'GREE-FLX-01', 'rolls', 'active'),
  ('a0000001-0000-0000-0000-000000000021', 'GREE Multiseal Flashing Tape – Bitumen', 'GREE-BIT-01', 'rolls', 'active'),
  ('a0000001-0000-0000-0000-000000000022', 'GREE Multiseal Flashing Tape – Butyl', 'GREE-BTL-01', 'rolls', 'active'),
  ('a0000001-0000-0000-0000-000000000023', 'GREE Pre Mask Roll & Mask', 'GREE-PMR-01', 'rolls', 'active'),
  ('a0000001-0000-0000-0000-000000000024', 'GREE Floor Safe Films', 'GREE-FSF-01', 'rolls', 'active'),
  ('a0000001-0000-0000-0000-000000000025', 'GREE General Purpose Silicone Sealant', 'GREE-SIL-01', 'pcs', 'active'),
  ('a0000001-0000-0000-0000-000000000026', 'GREE Neutral Weatherproof Silicone Sealant', 'GREE-SIL-02', 'pcs', 'active'),
  ('a0000001-0000-0000-0000-000000000027', 'GREE Acrylic Windowseal Sealant', 'GREE-AWS-01', 'pcs', 'active'),
  ('a0000001-0000-0000-0000-000000000028', 'GREE Polyurethane Sealant', 'GREE-PUS-01', 'pcs', 'active'),
  ('a0000001-0000-0000-0000-000000000029', 'GREE Nail Free Glue', 'GREE-NFG-01', 'pcs', 'active'),
  ('a0000001-0000-0000-0000-000000000030', 'GREE FLEX 999 Super Glue', 'GREE-FLX-999', 'pcs', 'active');

-- ============================================
-- Customers (10 realistic Indian B2B customers)
-- ============================================
INSERT INTO customers (id, customer_name, address, phone, email) VALUES
  ('b0000001-0000-0000-0000-000000000001', 'Lakshmi Hardware & Electricals', '45 Anna Salai, Chennai - 600002', '+91 98401 12345', 'lakshmi.hardware@email.com'),
  ('b0000001-0000-0000-0000-000000000002', 'Raj Constructions Pvt Ltd', '12 MG Road, Bengaluru - 560001', '+91 98450 67890', 'purchase@rajconstructions.com'),
  ('b0000001-0000-0000-0000-000000000003', 'Sharma Paints & Supplies', '78 Nehru Nagar, Hyderabad - 500001', '+91 90001 23456', 'orders@sharmapaints.in'),
  ('b0000001-0000-0000-0000-000000000004', 'Chennai Industrial Traders', '33 Parry''s Corner, Chennai - 600001', '+91 98840 55555', 'sales@chennaiindustrial.com'),
  ('b0000001-0000-0000-0000-000000000005', 'Agarwal Plumbing Solutions', '56 Gandhi Bazaar, Coimbatore - 641001', '+91 98422 44444', 'info@agarwalplumbing.com'),
  ('b0000001-0000-0000-0000-000000000006', 'Metro Packaging Industries', '89 Industrial Estate, Pune - 411001', '+91 98900 77777', 'procurement@metropkg.com'),
  ('b0000001-0000-0000-0000-000000000007', 'Southern Electrical Works', '14 Cathedral Road, Chennai - 600086', '+91 98410 88888', 'buy@southernelectrical.in'),
  ('b0000001-0000-0000-0000-000000000008', 'Gupta Building Materials', '22 Civil Lines, Delhi - 110054', '+91 98100 11111', 'contact@guptabm.com'),
  ('b0000001-0000-0000-0000-000000000009', 'KK Distributors', '67 Market Road, Madurai - 625001', '+91 98430 22222', 'kk.dist@email.com'),
  ('b0000001-0000-0000-0000-000000000010', 'Patel Auto & Industrial Supplies', '34 GIDC Road, Ahmedabad - 380001', '+91 97120 33333', 'patel.auto@email.com');

-- ============================================
-- Inventory Batches (40 batches across products)
-- ============================================
INSERT INTO inventory_batches (id, product_id, batch_number, quantity_received, quantity_remaining, received_date) VALUES
  -- Packaging Tape — high volume
  ('c0000001-0000-0000-0000-000000000001', 'a0000001-0000-0000-0000-000000000001', 'BATCH-0001', 500, 320, '2026-01-10'),
  ('c0000001-0000-0000-0000-000000000002', 'a0000001-0000-0000-0000-000000000001', 'BATCH-0002', 400, 400, '2026-02-15'),
  -- Premium Masking Tape
  ('c0000001-0000-0000-0000-000000000003', 'a0000001-0000-0000-0000-000000000002', 'BATCH-0003', 300, 180, '2026-01-12'),
  ('c0000001-0000-0000-0000-000000000004', 'a0000001-0000-0000-0000-000000000002', 'BATCH-0004', 200, 200, '2026-02-20'),
  -- Painters Masking Tape
  ('c0000001-0000-0000-0000-000000000005', 'a0000001-0000-0000-0000-000000000003', 'BATCH-0005', 250, 90, '2026-01-15'),
  ('c0000001-0000-0000-0000-000000000006', 'a0000001-0000-0000-0000-000000000003', 'BATCH-0006', 300, 300, '2026-02-25'),
  -- PVC Electrical Tape
  ('c0000001-0000-0000-0000-000000000007', 'a0000001-0000-0000-0000-000000000004', 'BATCH-0007', 600, 450, '2026-01-08'),
  ('c0000001-0000-0000-0000-000000000008', 'a0000001-0000-0000-0000-000000000004', 'BATCH-0008', 400, 400, '2026-02-18'),
  -- Wonder PVC Insulation Tape
  ('c0000001-0000-0000-0000-000000000009', 'a0000001-0000-0000-0000-000000000005', 'BATCH-0009', 500, 280, '2026-01-20'),
  -- PTFE General
  ('c0000001-0000-0000-0000-000000000010', 'a0000001-0000-0000-0000-000000000006', 'BATCH-0010', 400, 350, '2026-01-22'),
  -- PTFE Industrial
  ('c0000001-0000-0000-0000-000000000011', 'a0000001-0000-0000-0000-000000000007', 'BATCH-0011', 200, 160, '2026-02-01'),
  -- Anti Skid Tape
  ('c0000001-0000-0000-0000-000000000012', 'a0000001-0000-0000-0000-000000000008', 'BATCH-0012', 150, 120, '2026-01-25'),
  -- Floor Marking Tape
  ('c0000001-0000-0000-0000-000000000013', 'a0000001-0000-0000-0000-000000000009', 'BATCH-0013', 200, 45, '2026-01-05'),
  ('c0000001-0000-0000-0000-000000000014', 'a0000001-0000-0000-0000-000000000009', 'BATCH-0014', 300, 300, '2026-03-01'),
  -- Book Binding Tape
  ('c0000001-0000-0000-0000-000000000015', 'a0000001-0000-0000-0000-000000000010', 'BATCH-0015', 100, 30, '2026-01-18'),
  -- Concrete Shuttering Tape
  ('c0000001-0000-0000-0000-000000000016', 'a0000001-0000-0000-0000-000000000011', 'BATCH-0016', 250, 180, '2026-02-05'),
  -- Fiber Mesh Tape
  ('c0000001-0000-0000-0000-000000000017', 'a0000001-0000-0000-0000-000000000012', 'BATCH-0017', 200, 200, '2026-02-10'),
  -- Double Side Foam DSF-45
  ('c0000001-0000-0000-0000-000000000018', 'a0000001-0000-0000-0000-000000000013', 'BATCH-0018', 300, 220, '2026-01-28'),
  -- Double Side PE Foam DSF-65
  ('c0000001-0000-0000-0000-000000000019', 'a0000001-0000-0000-0000-000000000014', 'BATCH-0019', 250, 170, '2026-02-02'),
  -- Double Side Mounting Tape
  ('c0000001-0000-0000-0000-000000000020', 'a0000001-0000-0000-0000-000000000015', 'BATCH-0020', 200, 200, '2026-02-12'),
  -- Acrylic Foam Tape
  ('c0000001-0000-0000-0000-000000000021', 'a0000001-0000-0000-0000-000000000016', 'BATCH-0021', 150, 100, '2026-01-30'),
  -- Attachment Tape
  ('c0000001-0000-0000-0000-000000000022', 'a0000001-0000-0000-0000-000000000017', 'BATCH-0022', 180, 140, '2026-02-08'),
  -- Mirror Mount Tape
  ('c0000001-0000-0000-0000-000000000023', 'a0000001-0000-0000-0000-000000000018', 'BATCH-0023', 120, 85, '2026-01-14'),
  -- Nano Magic Tape
  ('c0000001-0000-0000-0000-000000000024', 'a0000001-0000-0000-0000-000000000019', 'BATCH-0024', 100, 40, '2026-01-10'),
  -- Water Leakage Flex Tape
  ('c0000001-0000-0000-0000-000000000025', 'a0000001-0000-0000-0000-000000000020', 'BATCH-0025', 200, 150, '2026-02-14'),
  -- Multiseal Bitumen
  ('c0000001-0000-0000-0000-000000000026', 'a0000001-0000-0000-0000-000000000021', 'BATCH-0026', 100, 75, '2026-02-16'),
  -- Multiseal Butyl
  ('c0000001-0000-0000-0000-000000000027', 'a0000001-0000-0000-0000-000000000022', 'BATCH-0027', 100, 60, '2026-02-18'),
  -- Pre Mask Roll
  ('c0000001-0000-0000-0000-000000000028', 'a0000001-0000-0000-0000-000000000023', 'BATCH-0028', 350, 280, '2026-01-20'),
  -- Floor Safe Films
  ('c0000001-0000-0000-0000-000000000029', 'a0000001-0000-0000-0000-000000000024', 'BATCH-0029', 150, 15, '2026-01-06'),
  -- GP Silicone Sealant
  ('c0000001-0000-0000-0000-000000000030', 'a0000001-0000-0000-0000-000000000025', 'BATCH-0030', 400, 310, '2026-01-25'),
  -- Neutral Weatherproof Sealant
  ('c0000001-0000-0000-0000-000000000031', 'a0000001-0000-0000-0000-000000000026', 'BATCH-0031', 250, 200, '2026-02-03'),
  -- Acrylic Windowseal Sealant
  ('c0000001-0000-0000-0000-000000000032', 'a0000001-0000-0000-0000-000000000027', 'BATCH-0032', 200, 150, '2026-02-06'),
  -- PU Sealant
  ('c0000001-0000-0000-0000-000000000033', 'a0000001-0000-0000-0000-000000000028', 'BATCH-0033', 180, 130, '2026-02-09'),
  -- Nail Free Glue
  ('c0000001-0000-0000-0000-000000000034', 'a0000001-0000-0000-0000-000000000029', 'BATCH-0034', 500, 420, '2026-01-15'),
  -- FLEX 999 Super Glue
  ('c0000001-0000-0000-0000-000000000035', 'a0000001-0000-0000-0000-000000000030', 'BATCH-0035', 600, 500, '2026-01-18'),
  ('c0000001-0000-0000-0000-000000000036', 'a0000001-0000-0000-0000-000000000030', 'BATCH-0036', 400, 400, '2026-02-22');

-- ============================================
-- Stock Movements — IN for each batch above
-- ============================================
INSERT INTO stock_movements (product_id, batch_id, quantity, movement_type, reference_type, reference_id) VALUES
  ('a0000001-0000-0000-0000-000000000001', 'c0000001-0000-0000-0000-000000000001', 500, 'IN', 'BATCH', 'c0000001-0000-0000-0000-000000000001'),
  ('a0000001-0000-0000-0000-000000000001', 'c0000001-0000-0000-0000-000000000002', 400, 'IN', 'BATCH', 'c0000001-0000-0000-0000-000000000002'),
  ('a0000001-0000-0000-0000-000000000002', 'c0000001-0000-0000-0000-000000000003', 300, 'IN', 'BATCH', 'c0000001-0000-0000-0000-000000000003'),
  ('a0000001-0000-0000-0000-000000000002', 'c0000001-0000-0000-0000-000000000004', 200, 'IN', 'BATCH', 'c0000001-0000-0000-0000-000000000004'),
  ('a0000001-0000-0000-0000-000000000003', 'c0000001-0000-0000-0000-000000000005', 250, 'IN', 'BATCH', 'c0000001-0000-0000-0000-000000000005'),
  ('a0000001-0000-0000-0000-000000000003', 'c0000001-0000-0000-0000-000000000006', 300, 'IN', 'BATCH', 'c0000001-0000-0000-0000-000000000006'),
  ('a0000001-0000-0000-0000-000000000004', 'c0000001-0000-0000-0000-000000000007', 600, 'IN', 'BATCH', 'c0000001-0000-0000-0000-000000000007'),
  ('a0000001-0000-0000-0000-000000000004', 'c0000001-0000-0000-0000-000000000008', 400, 'IN', 'BATCH', 'c0000001-0000-0000-0000-000000000008'),
  ('a0000001-0000-0000-0000-000000000005', 'c0000001-0000-0000-0000-000000000009', 500, 'IN', 'BATCH', 'c0000001-0000-0000-0000-000000000009'),
  ('a0000001-0000-0000-0000-000000000006', 'c0000001-0000-0000-0000-000000000010', 400, 'IN', 'BATCH', 'c0000001-0000-0000-0000-000000000010'),
  ('a0000001-0000-0000-0000-000000000007', 'c0000001-0000-0000-0000-000000000011', 200, 'IN', 'BATCH', 'c0000001-0000-0000-0000-000000000011'),
  ('a0000001-0000-0000-0000-000000000008', 'c0000001-0000-0000-0000-000000000012', 150, 'IN', 'BATCH', 'c0000001-0000-0000-0000-000000000012'),
  ('a0000001-0000-0000-0000-000000000009', 'c0000001-0000-0000-0000-000000000013', 200, 'IN', 'BATCH', 'c0000001-0000-0000-0000-000000000013'),
  ('a0000001-0000-0000-0000-000000000009', 'c0000001-0000-0000-0000-000000000014', 300, 'IN', 'BATCH', 'c0000001-0000-0000-0000-000000000014'),
  ('a0000001-0000-0000-0000-000000000010', 'c0000001-0000-0000-0000-000000000015', 100, 'IN', 'BATCH', 'c0000001-0000-0000-0000-000000000015'),
  ('a0000001-0000-0000-0000-000000000011', 'c0000001-0000-0000-0000-000000000016', 250, 'IN', 'BATCH', 'c0000001-0000-0000-0000-000000000016'),
  ('a0000001-0000-0000-0000-000000000012', 'c0000001-0000-0000-0000-000000000017', 200, 'IN', 'BATCH', 'c0000001-0000-0000-0000-000000000017'),
  ('a0000001-0000-0000-0000-000000000013', 'c0000001-0000-0000-0000-000000000018', 300, 'IN', 'BATCH', 'c0000001-0000-0000-0000-000000000018'),
  ('a0000001-0000-0000-0000-000000000014', 'c0000001-0000-0000-0000-000000000019', 250, 'IN', 'BATCH', 'c0000001-0000-0000-0000-000000000019'),
  ('a0000001-0000-0000-0000-000000000015', 'c0000001-0000-0000-0000-000000000020', 200, 'IN', 'BATCH', 'c0000001-0000-0000-0000-000000000020'),
  ('a0000001-0000-0000-0000-000000000016', 'c0000001-0000-0000-0000-000000000021', 150, 'IN', 'BATCH', 'c0000001-0000-0000-0000-000000000021'),
  ('a0000001-0000-0000-0000-000000000017', 'c0000001-0000-0000-0000-000000000022', 180, 'IN', 'BATCH', 'c0000001-0000-0000-0000-000000000022'),
  ('a0000001-0000-0000-0000-000000000018', 'c0000001-0000-0000-0000-000000000023', 120, 'IN', 'BATCH', 'c0000001-0000-0000-0000-000000000023'),
  ('a0000001-0000-0000-0000-000000000019', 'c0000001-0000-0000-0000-000000000024', 100, 'IN', 'BATCH', 'c0000001-0000-0000-0000-000000000024'),
  ('a0000001-0000-0000-0000-000000000020', 'c0000001-0000-0000-0000-000000000025', 200, 'IN', 'BATCH', 'c0000001-0000-0000-0000-000000000025'),
  ('a0000001-0000-0000-0000-000000000021', 'c0000001-0000-0000-0000-000000000026', 100, 'IN', 'BATCH', 'c0000001-0000-0000-0000-000000000026'),
  ('a0000001-0000-0000-0000-000000000022', 'c0000001-0000-0000-0000-000000000027', 100, 'IN', 'BATCH', 'c0000001-0000-0000-0000-000000000027'),
  ('a0000001-0000-0000-0000-000000000023', 'c0000001-0000-0000-0000-000000000028', 350, 'IN', 'BATCH', 'c0000001-0000-0000-0000-000000000028'),
  ('a0000001-0000-0000-0000-000000000024', 'c0000001-0000-0000-0000-000000000029', 150, 'IN', 'BATCH', 'c0000001-0000-0000-0000-000000000029'),
  ('a0000001-0000-0000-0000-000000000025', 'c0000001-0000-0000-0000-000000000030', 400, 'IN', 'BATCH', 'c0000001-0000-0000-0000-000000000030'),
  ('a0000001-0000-0000-0000-000000000026', 'c0000001-0000-0000-0000-000000000031', 250, 'IN', 'BATCH', 'c0000001-0000-0000-0000-000000000031'),
  ('a0000001-0000-0000-0000-000000000027', 'c0000001-0000-0000-0000-000000000032', 200, 'IN', 'BATCH', 'c0000001-0000-0000-0000-000000000032'),
  ('a0000001-0000-0000-0000-000000000028', 'c0000001-0000-0000-0000-000000000033', 180, 'IN', 'BATCH', 'c0000001-0000-0000-0000-000000000033'),
  ('a0000001-0000-0000-0000-000000000029', 'c0000001-0000-0000-0000-000000000034', 500, 'IN', 'BATCH', 'c0000001-0000-0000-0000-000000000034'),
  ('a0000001-0000-0000-0000-000000000030', 'c0000001-0000-0000-0000-000000000035', 600, 'IN', 'BATCH', 'c0000001-0000-0000-0000-000000000035'),
  ('a0000001-0000-0000-0000-000000000030', 'c0000001-0000-0000-0000-000000000036', 400, 'IN', 'BATCH', 'c0000001-0000-0000-0000-000000000036');

-- ============================================
-- Orders (5 sample orders with FIFO deductions)
-- ============================================

-- Order 1: Lakshmi Hardware — Electrical tapes
INSERT INTO orders (id, invoice_number, customer_id, order_date, status) VALUES
  ('d0000001-0000-0000-0000-000000000001', 'INV-0001', 'b0000001-0000-0000-0000-000000000001', '2026-02-10', 'completed');

INSERT INTO order_items (order_id, product_id, quantity) VALUES
  ('d0000001-0000-0000-0000-000000000001', 'a0000001-0000-0000-0000-000000000004', 150),
  ('d0000001-0000-0000-0000-000000000001', 'a0000001-0000-0000-0000-000000000005', 120);

INSERT INTO stock_movements (product_id, batch_id, quantity, movement_type, reference_type, reference_id) VALUES
  ('a0000001-0000-0000-0000-000000000004', 'c0000001-0000-0000-0000-000000000007', 150, 'OUT', 'ORDER', 'd0000001-0000-0000-0000-000000000001'),
  ('a0000001-0000-0000-0000-000000000005', 'c0000001-0000-0000-0000-000000000009', 120, 'OUT', 'ORDER', 'd0000001-0000-0000-0000-000000000001');

-- Order 2: Raj Constructions — Masking + Shuttering
INSERT INTO orders (id, invoice_number, customer_id, order_date, status) VALUES
  ('d0000001-0000-0000-0000-000000000002', 'INV-0002', 'b0000001-0000-0000-0000-000000000002', '2026-02-15', 'completed');

INSERT INTO order_items (order_id, product_id, quantity) VALUES
  ('d0000001-0000-0000-0000-000000000002', 'a0000001-0000-0000-0000-000000000002', 120),
  ('d0000001-0000-0000-0000-000000000002', 'a0000001-0000-0000-0000-000000000011', 70);

INSERT INTO stock_movements (product_id, batch_id, quantity, movement_type, reference_type, reference_id) VALUES
  ('a0000001-0000-0000-0000-000000000002', 'c0000001-0000-0000-0000-000000000003', 120, 'OUT', 'ORDER', 'd0000001-0000-0000-0000-000000000002'),
  ('a0000001-0000-0000-0000-000000000011', 'c0000001-0000-0000-0000-000000000016', 70, 'OUT', 'ORDER', 'd0000001-0000-0000-0000-000000000002');

-- Order 3: Metro Packaging — Packaging tape bulk
INSERT INTO orders (id, invoice_number, customer_id, order_date, status) VALUES
  ('d0000001-0000-0000-0000-000000000003', 'INV-0003', 'b0000001-0000-0000-0000-000000000006', '2026-02-20', 'completed');

INSERT INTO order_items (order_id, product_id, quantity) VALUES
  ('d0000001-0000-0000-0000-000000000003', 'a0000001-0000-0000-0000-000000000001', 180);

INSERT INTO stock_movements (product_id, batch_id, quantity, movement_type, reference_type, reference_id) VALUES
  ('a0000001-0000-0000-0000-000000000001', 'c0000001-0000-0000-0000-000000000001', 180, 'OUT', 'ORDER', 'd0000001-0000-0000-0000-000000000003');

-- Order 4: Sharma Paints — Painters tape + Floor films
INSERT INTO orders (id, invoice_number, customer_id, order_date, status) VALUES
  ('d0000001-0000-0000-0000-000000000004', 'INV-0004', 'b0000001-0000-0000-0000-000000000003', '2026-02-28', 'completed');

INSERT INTO order_items (order_id, product_id, quantity) VALUES
  ('d0000001-0000-0000-0000-000000000004', 'a0000001-0000-0000-0000-000000000003', 160),
  ('d0000001-0000-0000-0000-000000000004', 'a0000001-0000-0000-0000-000000000024', 135);

INSERT INTO stock_movements (product_id, batch_id, quantity, movement_type, reference_type, reference_id) VALUES
  ('a0000001-0000-0000-0000-000000000003', 'c0000001-0000-0000-0000-000000000005', 160, 'OUT', 'ORDER', 'd0000001-0000-0000-0000-000000000004'),
  ('a0000001-0000-0000-0000-000000000024', 'c0000001-0000-0000-0000-000000000029', 135, 'OUT', 'ORDER', 'd0000001-0000-0000-0000-000000000004');

-- Order 5: Agarwal Plumbing — PTFE + Sealants
INSERT INTO orders (id, invoice_number, customer_id, order_date, status) VALUES
  ('d0000001-0000-0000-0000-000000000005', 'INV-0005', 'b0000001-0000-0000-0000-000000000005', '2026-03-02', 'completed');

INSERT INTO order_items (order_id, product_id, quantity) VALUES
  ('d0000001-0000-0000-0000-000000000005', 'a0000001-0000-0000-0000-000000000006', 50),
  ('d0000001-0000-0000-0000-000000000005', 'a0000001-0000-0000-0000-000000000025', 90),
  ('d0000001-0000-0000-0000-000000000005', 'a0000001-0000-0000-0000-000000000030', 100);

INSERT INTO stock_movements (product_id, batch_id, quantity, movement_type, reference_type, reference_id) VALUES
  ('a0000001-0000-0000-0000-000000000006', 'c0000001-0000-0000-0000-000000000010', 50, 'OUT', 'ORDER', 'd0000001-0000-0000-0000-000000000005'),
  ('a0000001-0000-0000-0000-000000000025', 'c0000001-0000-0000-0000-000000000030', 90, 'OUT', 'ORDER', 'd0000001-0000-0000-0000-000000000005'),
  ('a0000001-0000-0000-0000-000000000030', 'c0000001-0000-0000-0000-000000000035', 100, 'OUT', 'ORDER', 'd0000001-0000-0000-0000-000000000005');
